24;8;8;alamanda 11;357;locationcourteduree;appartement;l'alamanda nÂ°11, 1er Ã©tage, rue Deleuze;le Grau du Roi;30240;1;25;0;0;"<p>Studio cabine en centre ville, situé au premierétage de l'immeuble l'alamanda, rue Marcel Deleuze, à environ 50 mètres de la plage.</p>
<p>L'appartement se compose d'une entrée avec coin cabine (2 lits superposés une place), un coin cuisine (deux plaques et fourélectrique, un réfrigérateur), un séjour climatisé avec un clic clac, une salle d'eau avec douche, lave linge et un WC séparé, plus un balcon.</p>
<p>L'appartement aété entièrement rénové en 2020.</p>
<p>Pour accéder à la visite virtuelle, <a href=""https://tour.previsite.com/FAD53F37-217F-A883-E020-0091DE1A6B16"">cliquez ici.</a></p>";1251988811;1675184504;0;0;;156940;s;0;0;0;0;1;1;0;0;1;5;0;0;0;0;0;0;0;1;0;0;0;0;1;0;0;0;1;0;0;0;1;4;0;0;;;;;;;;0;;0;;29;50
29;8;8;alcyone 28;439;locationcourteduree;appartement;L'alcyone nÂ°28, 1er Ã©tage (face boites aux lettres), 650 Bld Bastide, (Pkg 18);Le Grau du roi;30240;2;45;0;0;"<p>Notre appartement de type P2, dans le quartier prisé du Boucanet, est situé au premierétage de l'immeuble l'Alcyone sur le boulevard du docteur Bastide.</p>
<p>Avec sa vue imprenable sur la mer, il se trouve à seulement 20 mètres de la plage et à 200 mètres d'un centre commercial.</p>
<p>Cet appartement entièrementéquipé comprend un séjour lumineux avec un canapé convertible deux places, une chambre avec un lit deux places, une cuisine fonctionnelle (plaquesélectriques, grand frigo-congélateur, micro ondes, lave linge) et une salle de bain avec baignoire et toilettes séparées.</p>
<p>Profitezégalement de la loggia face à la mer et d'une place de parking.</p>
<p>Pour accéder à la visite virtuelle, <a href=""https://tour.previsite.com/98F83B44-AFD1-0E02-2520-3D63FD98A5B9"">cliquez ici.</a></p>";1251990948;1691586345;1;1;;156950;s;1;0;0;0;1;1;0;0;1;8;0;0;0;0;0;0;0;0;0;0;0;0;1;0;0;0;1;0;0;0;1;4;0;0;;;;;;;;0;;0;;13;0
32;8;8;23 rue mistral;459;locationcourteduree;appartement;23 rue FrÃ©dÃ©ric Mistral;le grau du roi;30240;2;45;0;0;"<p>Appartement en rez-de-chaussée d'une maison face à la mer, rue Frédéric Mistral.</p>
<p>Tres propre et très coquet, il possède 5 couchages et se situe à 20m de la plage et 100m du centre ville.</p>
<p>Le séjour comporte un canapé convertible, la chambre un lit double et un lit simple.</p>
<p>Lave linge et lave vaisselle dans la cuisine, réfrigérateur,4 plaques gaz.</p>
<p>Douche, lavabo et wc dans la salle d'eau.</p>
<p>Possibilité de parking dans la cour de l'appartement.</p>
<p></p>
<p>Pour accéder à la visite virtuelle, <a href=""https://tour.previsite.com/D5A788FF-20CB-6A9E-C5BA-3F8041686169"">cliquez ici.</a></p>";1255178016;1691416498;1;0;;156954;s;1;0;0;1;0;1;0;0;0;0;1;20;0;0;0;0;0;0;0;0;0;0;1;0;0;0;1;0;1;0;1;5;0;0;;;;;;;;0;;0;;11;0
33;8;8;alizés;464;locationcourteduree;appartement;69 rue Alsace Lorraine (parking réservé devant les arènes);le grau du roi;30240;2;35;0;0;"<p>Cette maison de village en duplex est une annexe de la location 'l'oustal'.</p>
<p>Elle se compose au rez-de-chaussée d'un WC et de la cuisine (four, lave vaisselle, feux gaz...), avec porte ouvrant sur l'Oustal.</p>
<p>A l'étage, le séjour comprend un canapé transformable en 2 lits jumeaux et la télé.</p>
<p>La chambre disposeégalement de 2 lits jumeaux accolables.</p>
<p>Salle d'eau avec douche.</p>
<p>L'appartement possède internet en wifi (accès privé).</p>
<p></p>
<p>(le jardin en photo est celui de l'Oustal)</p>
<p></p>
<p></p>
<p>Cet appartement peut etre louée avec 'L'Oustal' ce qui donne un ensemble de 5-6 pièces o&ugrave; tout communique. En effet, ces deux maisons sont dans  le même ensemble et la vue des alizées correspond au jardin de  l'Oustal.</p>";1255178753;1459239325;0;0;;73;s;1;0;0;1;0;0;0;0;0;0;0;0;0;0;0;0;0;0;0;0;0;0;1;0;0;0;0;0;0;0;1;4;0;0;;;;;;;;0;;0;;0;0
35;8;8;astrella rdc;328;locationcourteduree;appartement;L'astrella n°9, 285 avenue de la pinède;le grau du roi;30240;1;20;0;0;"<p>Au boucanet, dans un ancien h&ocirc;tel coquet, studio en rez-de-chaussée, situé à 100m de la place du marché, du cinéma,et à 150 de la plage.</p>
<p>Il comporte : salle d'eau avec WC et lave linge, cuisineéquipée (micro-ondes, plaquesélectriques, frigo top...), séjour (télé, lit 1 place, clic-clac 2 places) et cour fermée.</p>
<p>Parking privé commun</p>";1255180637;1513701378;0;0;;0;s;1;0;0;0;0;0;0;0;0;0;1;10;0;0;0;0;0;0;0;0;0;0;1;0;0;0;1;0;0;0;1;3;0;0;;;;;;;;0;;0;;0;0
36;8;8;astrella 1erétage;510;locationcourteduree;appartement;L'astrella n°12, 285 avenue de la pinède;le grau du roi;30240;1;20;0;0;"<p>Au boucanet, dans un ancien h&ocirc;tel coquet, studio au premierétage, situé à 100m de la place du marché, du cinéma,et à 150 de la plage.</p>
<p>Salle d'eau avec WC, cuisineéquipée (micro-ondes, plaquesélectriques, frigo top...), séjour (télé, lit d'appoint 1 place, lit-armoire 2 places) et balcon.</p>
<p>Cet appartement estéquipé de la climatisation depuis 2019</p>
<p>Parking privé commun</p>";1255181685;1573739574;0;0;;0;s;1;0;0;0;0;0;1;6;0;0;0;0;0;0;0;0;0;0;0;0;0;0;1;0;0;0;0;0;0;0;1;3;0;0;;;;;;;;0;;0;;0;0
37;8;8;camargue village rdc;937;locationcourteduree;appartement;camargue village ASTER B, rue du pic St Loup;le grau du roi;30240;2;42;0;0;"<p>Cet appartement aété rénové trés récemment et présente des prestations de qualité.</p>
<p>Il se situe dans la copropriété 'camargue village', aérée et possédant de nombreux espaces verts, au boucanet, à 300m de la plage et d'un petit centre commercial (boulangerie,épicerie...).</p>
<p>En rez-de-chaussée et facilement accessible pour tous, il se compose d'une chambre (lit en 140 + lits superposés, d'une cuisine moderne (induction, mobilier neuf, lave linge), d'une salle d'eau-balnéo avec WC, et d'un séjour ouvrant sur la terrasse.</p>
<p>Devant l'appartement, espace boisé et boulodrome vous mettent dans l'ambiance des vacances.</p>
<p>Parking privé.</p>
<p></p>
<p></p>
<p><a href=""https://tour.previsite.com/343B1B9A-0875-AD0E-FD45-35570043CB7D"" onclick=""window.open(this.href,'','resizable=no,location=no,menubar=no,scrollbars=no,status=no,toolbar=no,fullscreen=no,dependent=no,status'); return false"">Pour accéder à la visite virtuelle, cliquez ici</a></p>";1255182333;1639068584;0;0;;156319;s;1;0;0;0;0;1;0;0;0;0;1;10;0;0;0;0;1;1;0;0;0;0;1;0;0;0;1;0;0;0;1;5;0;0;;;;;;;;0;;0;;0;0
38;8;8;canastel 111;262;locationcourteduree;appartement;Le canastel nÂ°111 Bt A, 3Ã¨me Ã©tage au fond du couloir de gauche, 528 avenue du mail;le grau du roi;30240;3;45;0;0;"<p>Découvrez cet appartement rénové au c&oelig;ur du         Boucanet.</p>
<p>Avec sa jolie        vue sur la mer depuis la terrasse, cet appartement au         3èmeétage avec         ascenseur est idéalement situé à seulement 150m des commerces et à 200m de la plage.</p>
<p>Il peut         accueillir jusqu'à 5 personnes, grace à un lit double dans la         chambre, des lits         superposés dans la cabine et un convertible dans le séjour.</p>
<p>Profitez d'une         cuisineéquipée et d'une salle de bains avec         baignoire.</p>
<p>Parking disponible dans la résidence. <span style=""mso-spacerun:yes""><br />
</span></p>
<p>Pour accéder à la visite virtuelle,<a href=""https://tour.previsite.com/03C22DAC-CFE6-97FC-6E44-6779A9267094""> cliquez ici.</a></p>";1255182910;1691568196;1;0;;156887;s;1;0;0;0;1;0;0;0;1;7;0;0;0;0;0;1;0;0;0;0;0;0;1;0;0;0;0;0;1;0;1;5;0;0;;;;;;;;0;;0;;20;0
39;8;8;caravelle 115;441;locationcourteduree;appartement;;le grau du roi;30240;2;35;0;0;"<p>En centre ville, dans une résidence arborée (port royal),à 200m de la plage,appartement au 1erétage avec ascenseur.</p>
<p>Séjour avec coin cuisineéquipé (cuisinière gaz, micro ondes, frigo top, lave linge), télé et convertible 2 places, chambre avec lit double + lit 1 place, salle d'eau avec douche, lavabo, wc.</p>";1255184259;1534163664;0;0;;1055;s;1;0;0;0;0;1;0;0;1;5;0;0;0;0;0;1;1;0;0;0;0;0;1;0;0;0;1;0;0;0;1;4;0;0;;;;;;;;0;;0;;0;0
40;8;8;caravelle 505;191;locationcourteduree;appartement;La caravelle n°505, 5emeétage, Pkg 1241, résidence Port Royal;le grau du roi;30240;2;35;0;0;"<p>Cet appartement se trouve en centre ville, dans une résidence arborée (port royal), à 200m de la plage.</p>
<p>Il est situé au 5èmeétage avec ascenseur et possèdeégalement un parking.</p>
<p>Il se compose d'un séjour avec coin cuisineéquipé (cuisinière gaz, micro ondes, frigo top), télé et convertible 2 places, chambre avec lit double , salle d'eau avec douche, lavabo, wc.</p>
<p></p>
<p>Pour accéder à la visite virtuelle, <a href=""https://tour.previsite.com/F88CAC11-1906-45A5-CEC4-162C04B17B97"">cliquez ici.</a></p>";1255187767;1607522466;0;0;;156698;s;1;0;0;0;0;1;0;0;1;6;0;0;0;0;0;1;1;0;0;0;0;0;1;0;0;0;0;0;0;0;1;5;0;0;;;;;;;;0;;0;;0;0
41;8;8;Grande Ourse B;1050;locationcourteduree;appartement;La grande ourse B, 1er Ã©tage, appartement 27, 170 rue Joseph d'Arbaud;le grau du roi;30240;1;30;0;0;"<p>à 300m de a plage et du centre ville, rue Joseph d'Arbaud, ce studio spacieux est situé au 1erétage d'un petit immeuble proche de toutes les commodités.</p>
<p>le séjour estéquipé de 2 canapé clic clac (soit une capacité de 4 peronnes), wc séparés, salle d'eau.</p>
<p>Coin cuisine dans le séjour avec lave vaisselle et la pièce principale comprend la climatisation pour plus de confort.</p>
<p>Il possèdeégalement un balcon permettant de prendre le petit déjeuner dehors.</p>
<p>Cet appartement  trés propre aété entièrement rénové récemment.</p>
<p><strong>Appartement climatisé.</strong></p>
<p>Pour accéder à la visite virtuelle,<a href=""https://tour.previsite.com/D3DCA786-92BD-8EFE-1421-C840BF700807""> cliquez ici.</a></p>";1255188040;1692619949;1;0;;157706;s;0;0;0;0;0;1;1;4;0;0;0;0;0;0;0;0;0;0;0;0;0;0;1;0;0;0;0;0;1;0;1;4;0;0;;;;;;;;0;;0;;35;50
42;8;8;citadelle du soleil 172;232;locationcourteduree;appartement;la citadelle du soleil nÂ°172, 3eme Ã©tage entrÃ©e C, avenue du palais de la mer, (pkg 440);le grau du roi;30240;2;40;0;0;"<p>Cet appartement P2 cabine rénové est situé dans le quartier prisé du  Palais de la Mer, à seulement 150 mètres de la plage et des commerces.</p>
<p>La cuisineéquipée (plaque induction, four, micro-ondes, lave-vaisselle,  lave-linge) et les 5 couchages (lits superposés dans la cabine, lit double dans la chambre et canapé  convertible dans le séjour) en font un lieu idéal pour les vacances en famille ou entre  amis.</p>
<p>La salle de bain récente dispose d'une baignoire et les WC sont  indépendants. Vous pourrez profiter d'une vue dégagée sur l'ouest de la  ville et d'une petite vue sur la mer depuis l'appartement situé au 3ème étage sans ascenseur.</p>
<p>En outre, la chambre dispose d'un ventilateur au plafond.</p>
<p><a href=""https://tour.previsite.com/09F8E860-3CFA-15A1-8A76-413CEE037628"" onclick=""window.open(this.href,'','resizable=no,location=no,menubar=no,scrollbars=no,status=no,toolbar=no,fullscreen=no,dependent=no,status'); return false"">Si vous voulez voir la visite virtuelle de cet appartement, cliquez ici.</a></p>";1255188630;1689582746;1;0;;156226;s;1;0;0;0;0;1;0;0;1;6;0;0;0;0;0;0;0;1;0;0;0;0;1;0;0;0;1;0;1;0;1;5;0;0;;;;;;;;0;;0;;24;50
43;8;8;continental;503;locationcourteduree;appartement;;le grau du roi;30240;2;33;0;0;"<p>en centre ville, appartementau premierétage d'une copropriété située à 50m de la plage.</p>
<p>La terrasse offre une vue sur mer latérale.</p>
<p>La chambre comporte des lits superposés et le canapé du séjour est convertible (équipement correspondant à 5 couchages).</p>
<p>Séjour avec coin cuisine (mini four, plaques de cuisson, frigo avec partie congélateur...), télé...</p>";1255189587;1534163610;0;0;;107;s;0;0;0;0;0;0;0;0;1;5;0;0;0;0;0;0;0;0;0;0;0;0;1;0;0;0;0;0;0;0;1;4;0;0;;;;;;;;0;;0;;0;0
44;8;8;corvette;458;locationcourteduree;appartement;;le grau du roi;30240;2;35;0;0;"<p>En centre ville, dans une résidence arborée (port royal, immeuble 'la corvette'), à 200m de la plage,appartement au3èmeétage avec ascenseur.</p>
<p>L'appartement est très propre. Il comprend : séjour avec coin cuisineéquipé (cuisinière gaz, micro ondes, frigo top), télé et convertible 2 places, chambre avec lit double et plafonnier-ventilateur, salle d'eau avec douche, lavabo, wc.</p>
<p></p>
<p>Parking privé.</p>";1255190326;1534163703;0;0;;110;s;1;0;0;0;0;0;0;0;1;6;0;0;0;0;0;1;1;0;0;0;0;0;1;0;1;0;0;0;0;0;1;4;0;0;;;;;;;;0;;0;;0;0
45;8;8;costa bella ;432;locationcourteduree;appartement;;le grau du roi;30240;3;60;0;0;"<p></p>
<p>Dans un immeuble directement sur la plage, rive droite, à 200m du centre ville, appartement de deux chambres et 6 couchages (chaque chambre avec 2 lits simples accolables, unlit supplémentaire dans le séjour).</p>
<p>La vue est magnifique mais l'aménagement et la déco sont très, très rudimentaires.</p>";1255510430;1628259586;0;0;;0;s;1;0;0;0;0;1;0;0;1;8;0;0;0;0;0;0;0;0;0;0;0;0;1;0;0;0;0;0;0;0;1;6;0;0;;;;;;;;0;;0;;0;0
46;8;8;ensoleillé C;427;locationcourteduree;appartement;;le grau du roi;30240;3;52;0;0;"<p>En centre ville, appartement au 1erétage d'une petite résidence offrant une jolie vue sur mer.</p>
<p>Il se compose d'une grande terrasse avec une jolie vue sur mer, d'un séjour avec un canapé convertible, télé..cuisine aménagée, de deux chambres (une avec 1 lit double, l'autre avec 2 lits superposés), salle d'eau et wc indépendants.</p>";1255511193;1534163730;0;0;;119;s;0;0;0;0;1;1;0;0;0;0;1;10;0;0;0;0;0;0;0;0;0;0;1;0;0;0;0;0;0;0;1;6;0;0;;;;;;;;0;;0;;0;0
47;8;8;ensoleillé M;522;locationcourteduree;appartement;l'ensoleillé, 1erétage droite, place L. Constantin, (parking réservé auxécoles);le grau du roi;30240;2;52;0;0;"<p>En centre ville, cet appartement est un P2 cabine situé au 1erétage d'une copropriété avec une grande terrasse et 4 couchages (2 lits superposés dans la cabine, un convertible dans l'autre).</p>
<p>La chambre communique avec la cabine, télé dans le séjour et bbqélectrique sur la terrasse.</p>
<p>Situé, à 2 pas des commerces et 20m de la plage, l'appartement est agréable bien qu'un peu ancien, et dispose surtout d'une vue magnifique.</p>
<p>Il possedeégalement un parking, numéroté auxécoles.</p>
<p></p>
<p>pour accéder à la visite virtuelle,<a href=""https://tour.previsite.com/AD9B4380-E84C-293D-5437-F6CCDA97E875""> cliquez ici.</a></p>";1255524850;1607521402;0;0;;156822;s;1;0;0;0;0;0;0;0;0;0;1;10;0;0;0;0;0;0;0;0;0;0;1;0;0;0;1;0;0;0;1;4;0;0;;;;;;;;0;;0;;0;0
48;8;8;floralies - iris -;408;locationcourteduree;appartement;les floralies 2, Bt Iris, 3eme Ã©tage, nÂ°3824, avenue du palais de la mer;le grau du roi;30240;1;23;0;0;"<p>Entre le Grau du Roi et Port Camargue, dans une résidence avec piscine et boulodrome, joli studio cabine au 3èmeétage (sans ascenseur) avec vue directe sur la piscine. La résidence est située à 100m des commerces et200m de la plage.</p>
<p>Il comporte 4 couchages (lit double dans la cabine et convertible dans le séjour), une cuisineéquipée (plaquesélectriques, réfrigérateur, congélateur, micro-onde...), salle d'eau et WC séparés, et une terrasse avec bbqélectrique.</p>
<p>L'appartement estéquipé du wifi.</p>
<p></p>
<p></p>
<p>Pour accéder à la visite virutuelle,<a href=""https://tour.previsite.com/C484FBBE-2EBE-C514-FBD5-5D23606025B8""> cliquez ici.</a></p>";1255611289;1639038678;0;0;;157390;s;0;0;0;0;0;0;0;0;0;0;1;8;0;0;1;0;0;0;0;0;0;1;1;0;0;0;0;0;0;0;1;4;0;0;;;;;;;;0;;0;;0;0
49;8;8;frégate;202;locationcourteduree;appartement;;le grau du roi;30240;2;38;0;0;"<p>En centre ville, dans une grande résidence arborée (port royal), appartement de 2 pièces au 3èmeétage avec ascenseur.</p>
<p>5 couchages en capacité (lit double et lits superposés dans la chambre, convertible dans le séjour), la loggia est vitrée et transformée en salon, et coin cuisine dans le séjour.</p>
<p>L'appartement est à 200m de la plage.</p>";1255612226;1533299389;0;0;;623;s;1;0;0;1;0;0;0;0;1;6;0;0;0;0;0;1;1;0;0;0;0;0;1;0;0;0;0;0;0;0;1;5;0;0;;;;;;;;0;;0;;0;0
51;8;8;grand large Mo;454;locationcourteduree;appartement;;le grau du roi;30240;2;40;0;0;"<p>En centre ville et face à la mer, bel appartementde 2 pièces et4 couchages (lit double dans la chambre, convertible dans le séjour) idéalement placé.</p>
<p>Salle d'eau (douche), wc indépendant et cuisineéquipée.</p>
<p>L'appartement est au 2èmeétage (sans ascenseur).</p>";1255614190;1678198179;0;0;;138;s;0;0;0;0;0;0;0;0;1;8;0;0;0;0;0;0;0;0;0;0;0;0;1;0;0;0;0;0;0;0;1;4;0;0;;;;;;;;0;;0;;0;0
52;8;8;goÃ«lette;382;locationcourteduree;appartement;;le grau du roi;30240;3;60;0;0;"<p>AuBoucanet, un appartementau premierétage d'un immeuble calme(composé de 3 logements seulement), situé à 100m de la place du marché, du cinéma et 150m de la plage.</p>
<p>Il se compose de 2 chambres (1 lit double dans chaque chambre), unséjour avec une banquette 1 place, un coin cuisine (cuisinière gaz, réfrigérateur), une salle d'eau avec douche et bidet,un WC séparéet un grand balcon.</p>
<p></p>";1256735197;1533299542;0;0;;0;s;1;0;0;0;1;1;1;12;0;0;0;0;0;0;0;0;0;0;0;0;0;0;1;0;0;0;1;0;0;0;1;5;0;0;;;;;;;;0;;0;;0;0
53;8;8;grau village;116;locationcourteduree;maison;;le grau du roi;30240;3;54;0;0;"<p>Rive gauche, secteur Palais de la Mer (rue desPrimevères) villa avec cour cl&ocirc;turée, située à 400m de la plage et proche d'un centre commercial.</p>
<p>Elle comporte 2 chambres (une avec un lit double, l'autreavec des lits superposés 1 place et un lit en 120 cm), un séjour avec canapé convertible, une salle de bains, un WC séparé et la cuisine est entièrementéquipée (cuisinière gaz, réfrigérateur, micro-ondes...).</p>
<p>Le cadre est idéal, mais l'aménagément et la décoration sont rudimentaires.</p>";1256736988;1557927543;0;0;;0;s;1;0;0;0;0;1;0;0;0;0;1;20;0;0;0;0;0;0;0;0;0;0;1;0;0;0;1;0;0;0;1;5;0;0;;;;;;;;0;;0;;0;0
54;8;8;lagon bleu 116;493;locationcourteduree;appartement;;le grau du roi;30240;1;25;0;0;"<p>Studio cabine situé rive gauche, au 2èmeétage d'un immeuble avec piscine, avenue Jean Jaurès, à 600m de la plage et 100m d'un centre commercial.</p>
<p>L'appartement se compose d'une entrée avec coin cabine (2 lits superposésune place), un coin cuisine (deux plaques, réfrigérateur TOP, micro-ondes et mini-four), un séjour avec un clic-clac, une salle d'eau, un WC séparé et une loggia.</p>
<p></p>";1256739480;1579707173;0;0;;0;s;0;0;0;0;1;1;0;0;1;6;0;0;0;0;1;0;0;1;0;0;0;0;1;0;0;0;0;0;0;0;1;4;0;0;;;;;;;;0;;0;;0;0
55;8;8;lagon bleu 73;421;locationcourteduree;appartement;Le lagon bleu nÂ°73, rez-de-chaussÃ©e Bt D, 199 avenue Jean JaurÃ¨s, (Pkg 58);le grau du roi;30240;1;25;0;0;"<p>Studio double cabine situé rive gauche, au rez-de-chaussée (surélevé) d'un immeuble avec piscine, avenue Jean Jaurès, à 600m de la plage et 100m d'un centre commercial.</p>
<p>L'appartement se compose d'une entrée avec coin double cabine (2 lits superposésune place et un lit2 places), un séjour avec un canapé convertible, un coin cuisine (deux plaques,réfrigérateur TOP, congélateur TOP, micro-ondes, mini-fouretlave-linge), une salle d'eau, un WC séparé et une loggia.</p>
<p>Pour toute location de cet appartement, nous vous demandons de prendre connaissance du <a href=""http://grand-large-immobilier.fr/media/REGLINTPISCINE.pdf"">règlement intérieur</a> de la piscine.</p>
<p><a href=""https://tour.previsite.com/E6F38DB5-F6DD-1772-D338-CDEACA4100EF"" onclick=""window.open(this.href,'','resizable=no,location=no,menubar=no,scrollbars=no,status=no,toolbar=no,fullscreen=no,dependent=no,status'); return false"">pour accéder à la visite virtuelle, cliquez ici</a></p>";1256740173;1691420223;1;0;;155;s;1;0;0;0;0;1;0;0;1;6;0;0;0;0;1;0;0;1;0;0;0;0;1;0;0;0;1;0;0;0;1;4;0;0;;;;;;;;0;;0;;0;0
157;8;8;MÃ©diterranÃ©e 12;588;locationcourteduree;appartement;MÃ©diterranÃ©e nÂ°12, 1er Ã©tage, 1 rue Victor Granier;Le grau du roi;30240;2;40;0;0;"<p>Cet appartement, classé 2étoiles en meublé de tourisme, bénéficie d'une situation exceptionnelle, en centre  ville et face à la mer, pour profiter pleinement des vacances d'été.</p>
<p>Situé au premierétage, il  offre 4 couchages, dont une chambre avec un lit double et un canapé  convertible pour 2 personnes. Il estégalementéquipé d'une cuisine  américaine ouverte sur le séjour, d'une salle de bains avec baignoire et  de WC indépendants.</p>
<p>La loggia avec vue sur la mer et la jetée estvraiment tres agréable.</p>
<p>Pour accéder à la visite virtuelle,<a href=""https://tour.previsite.com/205C3880-E312-E2B0-768F-29475FED5B0C""> cliquez ici.</a></p>";1302960397;1691824892;1;0;;156873;s;0;0;0;0;1;0;0;0;1;7;0;0;0;0;0;1;1;0;0;0;0;0;1;0;0;0;0;0;0;0;1;4;0;0;;;;;;;;0;;0;;56;0
158;8;8;impÃ©rial 11;780;locationcourteduree;appartement;L'impÃ©rial nÂ°11, 3Ã¨me Ã©tage Bt B, Quai Colbert, (garage Port Royal, goelette nÂ°908);le grau du roi;30240;2;55;0;0;"<p>Au troisième et dernierétage (avec ascenseur) d'une copropriété en centre ville et face mer, à 50m de la plage, cet appartement grand et coquet, comprend :</p>
<p>- un séjour (avec un convertible 2 places en 160 cm), ventilateurs mis à disposition,</p>
<p>- une cuisine indépendante (avec 2 plaques à induction, four, grand réfrigérateur, micro-ondes, etc),</p>
<p>- une chambre (avec un lit 2 places),</p>
<p>- une salle d'eau avec cabine de douche,lavabo et lave-linge,</p>
<p>- WC indépendant,</p>
<p>- grand garage individuel fermé à clé (possibilité de garer 2 voitures) à environ 600 m.<br />
<br />
Superbe vue sur mer et le boucanet.</p>
<p>pour accéder à la visite virtuelle,<a href=""https://tour.previsite.com/56FB4711-2D50-88EF-548E-83B50EAC5283""> cliquez ici.</a></p>";1303294427;1690986336;1;0;;156986;s;0;1;0;0;0;1;0;0;0;0;0;0;0;0;0;0;1;1;0;0;0;0;1;0;0;0;1;0;0;0;1;4;0;0;;;;;;;;0;;0;;37;0
159;8;8;lagon bleu 133;589;locationcourteduree;appartement;;le grau du roi;30240;1;25;0;0;"<p>Secteur Palais de la Mer, un studio double cabine situé au deuxièmeétage (avec ascenseur) d'une copropriété avec piscine, à environ 100 m d'un centre commercial et 600 m de la plage.</p>
<p>Cet appartement comprend une entrée avec double cabine (2 lits superposés 1 place et un lit 2 places), un séjour (avec convertible), un coin cuisine (avec cuisinièreélectrique, micro-ondes, réfrigérateur), une salle d'eau, des WC indépendants, et une loggia.</p>
<p>Place de parking dans la résidence.</p>";1303543738;1579707205;0;0;;587;s;1;0;0;0;0;0;0;0;1;6;0;0;0;0;1;1;1;1;0;0;0;0;1;0;0;0;0;0;0;0;1;4;0;0;;;;;;;;0;;0;;0;0
160;8;8;Camargue Village 58 Trignoulet;1006;locationcourteduree;appartement;camargue village, C3, Bt Trignoulet G, avenue de la pinÃ¨de (pkg 137)Â°58, 1427 av;Le Grau-du-Roi;30240;1;28;0;0;"<p>Ce studio-cabine coquet est situé au rez-de-chaussée d'une copropriété arborée à environ 200 m de la plage et 250 m des commerces, dans le quartier du Boucanet.</p>
<p>Il comprend un séjour / salle à manger avec canapé convertible deux places, un coin cuisine (avec cuisinièreélectrique, micro-ondes, réfrigérateur-congélateur, lave-linge), une salle d'eau, un WC séparé, une cabine avec lits superposés et une terrasse donnant sur un passage piéton.</p>
<p>Place de parking dans la résidence.</p>
<p>Appartement tres agréable au sein d'un quartier calme et proche de la plage.</p>
<p>Climatisation portable dans l'appartement.</p>
<p>Pour la visite virtuelle : <a href=""https://tour.previsite.com/3C048027-BBF6-947A-3519-A6E543A5D1F8"">Cliquez ici</a></p>";1303547032;1691679897;0;0;;157448;s;1;0;0;0;0;0;0;0;0;0;1;7;0;0;0;0;1;1;0;0;0;0;1;0;0;0;1;0;0;0;1;4;0;0;;;;;;;;0;;0;;58;0
211;8;8;marceau;626;locationcourteduree;appartement;;le grau du roi;30240;3;60;0;0;"<p>Sur la rive droite du Grau du Roi, à 150 mètres environ de la plage  et 500 mètres du centre ville, une maison de trois pièces, comprenant :</p>
<p>un  séjour avec TV et canapé, une cuisine (avec réfrigérateur/congélateur,  micro-ondes, mini-four, plaque 4 feux gaz,lave-vaisselle), une chambre  avec deux lits simples, une seconde chambre avec un lit double, une  salle de bains (avec lavabo et baignoire), WC séparés.</p>
<p>Belle terrasse ombragée avec barbecue donnant sur un jardin privatif.</p>
<p>Possibilité de stationnement.</p>";1334068377;1366970322;0;0;;0;s;1;0;0;0;0;1;0;0;0;0;0;0;1;60;0;0;0;0;0;0;0;0;1;0;0;0;0;0;1;0;1;4;;;;;;;;;;0;;0;;0;
212;8;8;pin d'alep;911;locationcourteduree;appartement;le pin d'alep n°52 entrée C, 2, avenue de la pinède - impasse des coquelicots;le grau du roi;30240;2;30;0;0;"<p>Cet appartement est situé au début du Boucanet, à 200m de la place du marché et de la plage.</p>
<p>Il se compose d'une chambre avec lit en 140, salle d'eau avec lave linge, WC indépendants, séjour avec canapé convertible 2 places, coin cuisine, frigo-congélateur, et terrasse avec salon de jardin.</p>
<p>L'appartement est en cours de travaux pour être bien refait avant la saison. Les photos ne sont donc pas contractuelles.</p>
<p>Place de parking privée dans la résidence.</p>
<p></p>
<p>Pour accéder à la visite virtuelle, <a href=""https://tour.previsite.com/B5611F0A-FFB9-F316-C946-504BB524FC2B"">cliquez ici.</a></p>";1334933592;1594451043;0;0;;156800;s;1;0;0;0;0;1;0;0;1;8;0;0;0;0;0;0;0;1;0;0;0;0;1;0;0;0;1;0;0;0;1;4;0;0;;;;;;;;0;;0;;0;0
214;8;8;marie galante 30;910;locationcourteduree;appartement;Marie Galante, 4Ã¨me Ã©tage entrÃ©e A, apt 30, 430 avenue de bernis ;le grau du roi;30240;1;30;0;0;"<p>Quartier Boucanet, ce studio est situé au 4èmeétage avec ascenseur de l'immeuble 'Le Marie Galante A' qui donne sur le c&ocirc;té de l'immeuble, à 200 m environ de la plage et 400 m des commerces.<br />
<br />
Il comprend une entrée avec une armoire de rangement, un séjour avec un coin cuisine (avec un réfrigérateur, une cuisinièreélectrique, un micro-ondes), un coin nuit avec un grand lit face à la télévision, une salle de bains (avec lavabo, une douche), des WC séparés.</p>
<p>La loggia aété fermée pour agrandir l'espace. Terrasse vue mer latérale.</p>
<p>Place de parking privée dans la résidence.</p>
<p></p>
<p>Pour accéder à la visite virtuelle, <a href=""https://tour.previsite.com/3EA77A79-0845-054E-A955-B1E820FBA433"">cliquez ici.</a></p>";1335946414;1627397531;0;0;;156600;s;1;0;0;0;0;1;0;0;0;0;0;0;0;0;0;1;1;1;0;0;0;0;1;0;0;0;0;0;0;0;1;2;0;0;;;;;;;;0;;0;;0;50
216;8;8;madragues RDC;632;locationcourteduree;appartement;;le grau du roi;30240;1;25;0;0;"<p>Au Boucanet, un studio cabine au RDC de l'immeuble 'Les Madragues', situé à 100 mètres environ de la plage et des commerces, comprenant :</p>
<p>Un séjour (avec un convertible deux places), un coin cuisine (avec plaqueélectrique un feu, réfrigérateur/congélateur, micro-ondes, mini-four), un coin cabine (avec deux lits superposés une place), salle de bains (avec baignoire, lavabo et WC).</p>
<p>Belle terrasse arborée.</p>
<p>Garage fermé.</p>";1337673845;1533299645;0;0;;807;s;0;1;0;0;0;0;0;0;0;0;1;10;0;0;0;0;0;1;0;0;0;0;1;0;0;0;0;0;0;0;1;4;0;0;;;;;;;;0;;0;;0;0
275;8;8;Aubanel;708;locationcourteduree;appartement;74 rue Aubanel, 1er Ã©tage droite;le grau du roi;30240;3;50;0;0;"<p>Bienvenue dans notre appartement moderne et entièrement rénové situé sur la rive gauche, à seulement 200m du centre ville et de la plage. Au premier et dernierétage d'une petite copropriété, cet appartement paisible offre une chambre principale avec un lit double et une deuxième chambre avec des lits superposés (un double en bas et un simple en haut), idéale pour les familles.</p>
<p>Profitez d'un séjour confortable et agréable grâce auxéquipements récents tels que la climatisation, la literie, le four, le lave-linge et le lave-vaisselle. Réservez dès maintenant pour découvrir cet endroit idéal et passer des vacances inoubliables !</p>
<p>Pour accder à la visite virtuelle, <a href=""https://tour.previsite.com/5CC223EE-7202-E2B8-3A3D-57B701E30032"">cliquez ici.</a></p>";1371302205;1692696875;0;0;;0;s;0;0;0;0;0;0;1;0;0;0;0;0;0;0;0;0;0;0;0;0;0;0;1;0;0;0;1;0;1;0;1;5;0;0;;;;;;;;0;;0;;50;0
325;8;8;le provence;740;locationcourteduree;appartement;Le provence n°31, 3èmeétage, impasse des alizés;le grau du roi;30240;3;50;0;0;"<p>Cet appartement est situé au 3emeétage de l'immeuble 'le provence' au grau du roi (quartier du boucanet).</p>
<p>Face à la mer, en plus d'une trés belle vue, il aété entièrement rénové cette année.</p>
<p>Il comporte une chambre avec un lit double, une cabine avec un lit 1 place, salle d'eau, WC séparés, cuisine américaine et un séjour assez grand avec canapé-lit 1 place.</p>
<p>Il possèdeégalement un parking.</p>";1396875999;1461242590;0;0;;59770;s;1;0;0;1;0;0;1;8;0;0;0;0;0;0;0;0;1;0;0;0;0;0;1;0;0;0;1;0;1;0;1;4;0;0;;;;;;;;0;;0;;0;0
328;8;8;villÃ©giales 111;741;locationcourteduree;appartement;les villÃ©giales du chateau nÂ°111, 1er Ã©tage, 1 rue JC. Lallement, 30240 le grau du roi (garage 17);le grau du roi;30240;2;33;0;0;"<p>Cet appartement, est situé au premierétage d'un immeuble avec ascenseur donnant directement sur la plage, sur la rive droite.<br />
<br />
Bienéquipé, il possède lave linge, une chambre avec un lit en 140 et un convertible dans le séjour.<br />
<br />
Les WC sont séparés de la salle de bains et la loggia offre une vue dégagée face à l'appartement, et même une vue sur mer en latéral.<br />
L'appartement dispose d'une cave pour ranger leséquipements de plage ainsi qu'un garage privé en sous-sol pour un stationnement sécurisé.</p>
<p></p>
<p>Pour la visite virtuelle : <a href=""https://tour.previsite.com/A2C91A53-0CF8-FB2A-5D43-EE339FDC4CF9"">Cliquez ici</a></p>";1397483444;1694163674;1;0;;157392;s;0;0;1;0;1;0;1;6;0;0;0;0;0;0;0;1;0;0;0;0;0;0;1;0;0;0;1;0;0;0;1;4;0;0;;;;;;;;0;;0;;8;0
624;7;7;980;980;achat;appartement;Rue Victor Granier;Le grau du roi;30240;0;41;134900;0;"<p><strong>EN CENTRE VILLE, AVEC PETITE VUE MER</strong><br />
APPT - 2 PIèCES - 40.80m² Carrez - 46.6m² hab - Mdt 980</p>
<p>Rive gauche, voici un charmant Type 2, de 46.6m² habitables traversant  au 1erétage d'une résidence sécurisée avec ascenseur, et conciergerie.  Très bien entretenu, avec une loggia fermée de 5.80m². Composé, d'une  chambre, salle de bain, Wc séparé, placard, et cuisine Américaine  donnant sur le salon/séjour. Très proche du bord de mer, seulement 50m,  vous pourrez profiter de la plage quand bon vous semble. Toutes les  commodités sontégalement à proximité. Rangement pour vélo au sous-sol  possible. Le plus c'est la petite vue mer, depuis la loggia. N&rsquo;hésitez  pas à nous contacter pour tous renseignements.</p>
<p>Charges mensuelles 82.5&euro; Taxe Foncière 699&euro;</p>
<p>Bien en copropriété de 129 Lots</p>";1570719839;1611908591;0;0;;156605;j;0;0;0;0;0;0;0;0;1;6;0;0;0;0;0;0;0;0;0;0;0;0;0;0;0;0;0;0;0;0;0;0;223;10;;;;;;;;0;;0;;0;0
626;7;7;984;984;achat;appartement;Rue des Combatants;Le grau du roi;30240;2;45;148400;0;"<p>RIVE GAUCHE MAISON R+1</p>
<p>En plein centre, maison d'angle d'environ 45m², avec unétage.</p>
<p>Au rez de  chaussé,un WC indépendant, salle d'eau et une grande chambre. L'accès à l'étage se fait par un escalier en colima&ccedil;on, donnant sur la  pièce à vivre avec une belle hauteur sous plafond, lumineuse, avec  kitchenetteéquipée. Une grande baie vitrée qui est à galandage, s'ouvre sur le balcon avec  son store ban.</p>
<p>Deux entrées possibles. Vendue meublée. Vous pourrez  profiter pleinement de la station à pied, des commerces et de la Plage.</p>
<p>A venir visiter  rapidement.</p>";1570871583;1584205047;0;0;;0;j;0;0;0;0;0;0;1;4;0;0;0;0;0;0;0;0;0;0;0;0;0;0;0;0;0;0;0;0;0;0;0;0;229;10;;;;;;;;0;;0;;0;0
627;11;20;P3 centre ville;602;location;appartement;;LE GRAU DU ROI;30240;3;74;750;0;"<p>Ce grand appartement en centre-ville se situe au 1erétage d'un immeuble calme. Il se compose d'une entrée avec placards de rangement, un séjour, une cuisine, une salle de bain avec baignoire, un wc séparé, deux chambres et une véranda fermé qui donne sur une cour à l'arrière, une cave.</p>
<p>Loyer: 700,93 euros</p>
<p>Provisions pour charges: 49,07 euros soit 750 euros par mois</p>
<p>Dép&ocirc;t de garantie: 700 euros</p>
<p>Frais d'agence: 650 euros</p>";1571834759;1578587062;0;0;;156699;j;0;0;1;1;0;0;0;0;0;0;0;0;0;0;0;0;0;1;0;0;0;0;0;0;0;0;0;0;0;0;0;0;0;0;;;;;;;;0;;0;;0;0
630;7;7;982;982;achat;appartement;Rue des Iris;Le grau du roi;30240;6;119;430500;0;"<p>APPARTEMENT - 6 PIECES avec GARAGES</p>
<p>A VENDRE Rive droite, au Boucanet dans une petite Résidence, proche de la mer.  Appartement, lumineux, du type 6, au 1er et dernierétage avec une  grande loggia. Composé d'une cuisine Américaine, d'un grand  salon/séjour, de 5 chambres dont une trés spacieuse, deux salles de  bains avec douches, WC séparé. Pour faciliter le stationnement, deux  garages sont proposés situé en rez de chaussé. Résidence au calme avec  toutes les commodités à proximité.. et bien sur la plage a quelques pas.</p>
<p>Bien en copropriété de 6 Lots</p>
<p>Charges mensuelles : 119&euro; Taxe foncière : 1599&euro;</p>
<p><a href=""https://tour.previsite.com/F49441DD-578F-4E23-B9C3-CE3F3C4515C9"" onclick=""window.open(this.href,'','resizable=no,location=no,menubar=no,scrollbars=no,status=no,toolbar=no,fullscreen=no,dependent=no,status'); return false"">Cliquez ici pour une visite virtuelle </a></p>
<p></p>";1575127199;1604498518;0;0;;156717;j;0;1;0;0;0;0;0;0;0;0;0;0;0;0;0;0;0;0;0;0;0;0;0;0;0;0;0;0;0;0;0;0;232;12;;;;;;;;0;;0;;0;0
637;8;8;Negresco 26;968;locationcourteduree;appartement;le negresco n°26, 2emeétage, 2-4 rue du vidourle;le grau du roi;30240;2;30;0;0;"<p>Cet appartement décoré avec go&ucirc;t et bienéquipé est situé sur la rive droite du grau du roi, sur la plage, à 50m du vieux phare.</p>
<p>Il se compose d'une salle d'eau avec lave linge, WC indépendants, séjour avec cuisine américaine et coin cabine (2 lits superposés) chambre (lit en 140), et loggia vitrée au-dessus de la plage et avec une superbe vue sur mer.</p>
<p>Tout aété rénové.</p>
<p>Climatisation dans le séjour.</p>
<p></p>
<p>Pour accéder à la visite virtuelle,<a href=""https://tour.previsite.com/5ECAC225-0EFF-7B78-B50C-6A52EA0EFC6F""> cliquez ici.</a></p>";1579531580;1607520683;0;0;;156852;s;0;0;0;0;0;0;0;0;1;6;0;0;0;0;0;1;0;0;0;0;0;0;1;0;0;0;1;0;1;0;1;4;0;0;;;;;;;;0;;0;;0;0
640;7;7;995;995;achat;appartement;;Le grau du roi;30240;2;35;210000;0;"<p>APPARTEMENT - 2 PIECES - PLEIN CENTRE VILLE</p>
<p>Voici, Rive Gauche, avec une belle vue sur la Baie, un très bel  appartement traversant, refait avec go&ucirc;t. Au 3ème et dernierétage d'une  Résidence sécurisée avec conciergerie. Composé d'une cuisine, salle d'eau avec toilette, une chambre avec son  balcon et un salon/séjour d'environ 16M², donnant sur une loggia qui  vous enchantera avec sa vue. Idéalement situé, vous pourrez profiter pleinement de la station à pied.  Avec les commerces, et la plage au bas de la résidence.</p>
<p>Charges mensuelles 39&euro; Taxe Foncière 664&euro;</p>
<p>Bien en  copropriéte de 93 Lots</p>
<p><a href=""https://tour.previsite.com/0CB2136B-FA77-E258-1FFD-D6ACA41D887C"" onclick=""window.open(this.href,'','resizable=no,location=no,menubar=no,scrollbars=no,status=no,toolbar=no,fullscreen=no,dependent=no,status'); return false"">Pour une visite virtuelle cliquez ici </a></p>";1585567420;1607099981;0;1;;156987;j;0;0;0;0;0;0;0;0;0;0;0;0;0;0;0;0;0;0;0;0;0;0;0;0;0;0;0;0;0;0;0;0;0;0;;;;;;;;0;;0;;0;0
641;7;7;992;992;achat;appartement;1 Quai Colbert ;Le grau du roi;30240;3;58;378000;0;"<p>APPARTEMENT - 3 PIECES - 58m²</p>
<p>Bien exceptionnel sur la rive gauche. Un appartement d'angle avec deux  loggias et balcon, qui ont une très belle vue mer, situé au 1erétage.  Résidence fermée avec ascenseur et conciergerie, très bien entretenue.  Composé de deux chambres avec vue mer, une salle d'eau, WC séparé, un  grand salon/séjour avec la cuisine, donnant sur une loggia orienté  Sud-Ouest avec vue mer. La cuisine donneégalement sur une loggia  orienté Nord-Ouest avec vue mer. Cet appartement vous fera profiter  pleinement de la vie de la station, grâce à ses vues mer et à son  emplacement.</p>
<p>Charges mensuelles 70&euro; Taxe Foncière 418&euro; (à revoir)</p>
<p>Bien en copropriéte de 93 Lots</p>
<p><a href=""https://tour.previsite.com/5E29207C-CA0F-1D9B-7274-136FA9F3E9AC"" onclick=""window.open(this.href,'','resizable=no,location=no,menubar=no,scrollbars=no,status=no,toolbar=no,fullscreen=no,dependent=no,status'); return false"">Pour une Visite Virtuelle cliquez ici</a></p>";1586166756;1597762435;0;0;;157048;j;0;0;0;0;0;0;0;0;0;0;0;0;0;0;0;0;0;0;0;0;0;0;0;0;0;0;0;0;0;0;0;0;153;36;;;;;;;;0;;0;;0;0
644;11;20;p2 centre ville vue mer;516;location;appartement;centre ville;LE GRAU DU ROI;30240;2;40;705;0;"<p>Dans une résidence sécurisée, avec un ascenseur, charmant p2 comprenant une entrée avec un coin nuit, une salle d'eau avec un Wc et un bidet, un séjour avec une cuisine américaine et une loggia ouverte sur la mer.</p>
<p>Cet appartement est proposé vide.</p>
<p>Loyer: 651,45 euros</p>
<p>Charges: 53,55 euros</p>
<p>Le loyer mensuel est donc de 705 euros</p>
<p>Les frais d'agence: 440 euros à l'entrée</p>
<p><span style=""background-color: rgb(255, 255, 0);"">DPE: D/ 197 KWH</span></p>
<p><span style=""background-color: rgb(204, 153, 255);"">GES: B: 9 kg co2</span></p>
<p></p>";1591435375;1601294765;0;0;;157010;j;0;0;0;0;0;0;0;0;0;0;0;0;0;0;0;1;1;1;0;0;0;0;0;0;0;0;0;0;0;0;0;0;0;0;;;;;;;;0;;0;;0;0
645;11;20;p2 centre ville;966;location;appartement;;LE GRAU DU ROI;30240;2;40;540;0;"<p>Cet appartement est bien situé, au centre-ville, proche de la plage et des commerces. Il comprend un coin nuit fermé par un rideau, une salle de bain avec une baignoire, un bidet, un wc séparé, un coin cuisine ouvert sur le séjour, et une loggia fermé. Ce bien est proposé non meublé (le lit de la photo va être enlevé).</p>
<p>Loyer: 500 euros</p>
<p>Charges: 40 euros soit 540 euros par mois</p>
<p>Le dép&ocirc;t de garantie est de 500 euros</p>
<p>Les frais d'agence sont de 440 euros</p>
<p><span style=""background-color: rgb(255, 255, 0);"">DPE: D: 228 kwh /EP/m2.an</span></p>
<p><span style=""background-color: rgb(204, 153, 255);"">Ges: B: 10 kg/eq co2/m2.an</span></p>
<p></p>";1591801988;1598369784;0;0;;157019;j;0;0;0;0;1;0;0;0;0;0;0;0;0;0;0;1;1;1;0;0;0;0;0;0;0;0;0;0;0;0;0;0;0;0;;;;;;;;0;;0;;0;0
646;7;7;998;998;achat;appartement;Avenue du Palais dela mer ;Le Grau du Roi;30240;2;25;97000;0;"<p><strong>RIVE GAUCHE AVEC PARKING</strong><br />
APPARTEMENT- 2 PIèCES</p>
<p>Proche du Seaquarium, P2 bien agencé, en rez de chaussée sur-élevé.  Lumineux, car orienté Ouest, en angle de la résidence. Composé d'une  entrée avec placard, une chambre, salle d'eau avec toilette, un salon  avec sa kitchenette, donnant sur la loggia. Possède son parking privé,  prés de l'appartement. A proximité des commerces, restaurants et plages,  vous pourrez profiter à pied de la station. Vendu meublé. Faibles  charges de copropriété.</p>
<p>Charges de copropriété 32&euro;/mois Imp&ocirc;t Foncier : à venir</p>
<p><a href=""https://tour.previsite.com/11352813-9430-AC49-90FD-B26C052A7715"" onclick=""window.open(this.href,'','resizable=no,location=no,menubar=no,scrollbars=no,status=no,toolbar=no,fullscreen=no,dependent=no,status'); return false"">Pour une visite virtuelle cliquez ici</a></p>";1591886158;1599925293;0;0;;157020;j;1;0;0;0;0;0;0;0;0;0;0;0;0;0;0;0;0;0;0;0;0;0;0;0;0;0;0;0;0;0;0;0;237;10;;;;;;;;0;;0;;0;0
647;8;8;Baronnets 442;671;locationcourteduree;appartement;Les baronnets n°442, 1erétage bâtiment 4, 290 rue des primevères (parking 442);le grau du roi;30240;3;60;0;0;"<p>Charmant appartement situé dans le secteur du palais de la mer, à 300m de la plage et 100 d'un centre commercial.</p>
<p>Entièrement rénové avec go&ucirc;t, il comprend un séjour (équipé d'un clic-clac) avec coin cuisineéquipée d'une gazinière, d'un  réfrigérateur/congélateur, d'un micro-ondes, d'un lave vaisselle et d'un lave-linge, deux  chambres (l'une avec un lit double et l'autre avec deux doubles superposés),  une salle d'eau (douche), des WC séparés.</p>
<p>Terrasse agréable, au calme, vue dégagée.</p>
<p>Place de parking numéroté dans la résidence .</p>
<p></p>
<p><a href=""https://tour.previsite.com/21F36112-6C3E-2C9C-1CAD-C55DF7BFEBA6"">Pour accéder à la visite virtuelle, cliquez ici</a></p>";1592049886;1607522405;0;0;;157041;s;1;0;0;0;0;0;0;0;0;0;1;12;0;0;0;0;0;1;0;0;0;0;1;0;0;0;1;0;1;0;1;7;0;0;;;;;;;;0;;0;;0;0
648;8;8;mÃ©diterranÃ©e 2;673;locationcourteduree;appartement;mÃ©diterranÃ©e nÂ°2, 1er Ã©tage, 2, rue victor granier;le grau du roi;30240;2;40;0;0;"<p>En centre ville, à une vingtaine de mètres de la plage, cet  appartement de type P2, est situé au 1erétage avec ascenseurde l'immeuble la  Méditerranée, rue Victor Granier.</p>
<p>Il est classé 2étoiles 'meublé de tourisme'.</p>
<p>Il comporte 5 couchages (un lit 2 places dans la chambre et un lit en 90 en mezzanine et un canapé convertible 2 places neuf dans le séjour).</p>
<p>La cuisine est entièrementéquipée, neuve (plaques vitrocéramiques quatre feux, four, réfrigérateur, micro-ondes, lave vaisselle) et est ouverte sur le séjour.</p>
<p>Salle de bains avec douche, WC séparé, lave linge et loggia vitrée.</p>
<p>Les animaux ne sont pas acceptés dans cet appartement.</p>
<p>Pour accéder à la visite virtuelle, <a href=""https://tour.previsite.com/F8C0B637-6AED-A4E1-0A2A-14977AD8D9A7?lead_capture=false"">cliquez ici.</a></p>";1592323235;1691846264;1;0;;0;s;0;0;0;0;0;0;0;0;0;0;1;7;0;0;0;1;0;0;0;0;0;0;1;0;0;0;1;0;1;0;1;5;0;0;;;;;;;;0;;0;;57;0
649;7;7;993;993;achat;appartement;;Le Grau du Roi;30240;3;48;178500;0;"<p></p>
<div class=""comment"">
<div class=""thumb comment_fr""><strong>PROCHE CENTRE VILLE AVEC PARKING PRIVE</strong></div>
<div class=""thumb comment_fr"">APPARTEMENT - 3 PIèCES - 48.08 m² carrez - 54 m² habitable - Mdt 993<br />
Rive Gauche, sis au 1erétage d'une Résidence sécurisée. Cet appartement  est traversant, composé de deux chambres, salle d'eau, toilette séparé,  salon avec petite cuisine ouverte, une loggia fermée et un balcon.  Exposé Est, est au calme.équipé d'une climatisation, de double vitrage.  Un parking privé est compris. Résidence proche des commerces,  pharmacie, et de la plage, qui vous fera profiter pleinement à pied de  la station du Grau du Roi.</div>
<div class=""thumb comment_fr""></div>
<div class=""thumb comment_fr"">Taxe Foncière : 607&euro; Charges trimestrielles 2020 : 141&euro; Bien en copropriété de 466 Lots</div>
<div class=""thumb comment_fr""></div>
<div class=""thumb comment_fr""><a href=""https://tour.previsite.com/C07B10D9-A7B5-FE9B-3D6E-D31505DAFE56"" onclick=""window.open(this.href,'','resizable=no,location=no,menubar=no,scrollbars=no,status=no,toolbar=no,fullscreen=no,dependent=no,status'); return false"">Pour une visite virtuelle cliquez ici</a></div>
</div>";1592580589;1609336715;0;0;;157053;j;1;0;0;0;0;0;0;0;0;0;0;0;0;0;0;0;0;0;0;0;0;0;0;0;0;0;0;0;0;0;0;0;0;0;;;;;;;;0;;0;;0;0
658;8;8;Marco polo B1;690;locationcourteduree;appartement;Le Marco Polo, 1er Ã©tage Gauche entre B, 1, rue de l'ancienne poste;le grau du roi;30240;3;55;0;0;"<p>Cet appartement est situé au centre ville du grau du roi, en première ligne, au premierétage, directement face à la mer.</p>
<p>Idéalement placé, il possède 2 chambres (une avec un lit en 160, l'autre avec 2 lits en 90), salle d'eau avec WC et douche, cuisine indépendante, séjour avec canapé convertible 2 places et terrasse en long avec une petite table pour 2 personnes.</p>
<p>Climatisation dans le séjour.</p>
<p></p>
<p>Pour accéder à la visite virtuelle, <a href=""https://tour.previsite.com/F1172CC1-0303-B302-5E67-82D1A6235083"">cliquez ici.</a></p>";1596814606;1639068690;0;0;;157100;s;0;0;0;0;0;0;1;0;0;0;0;0;0;0;0;1;0;0;0;0;0;0;1;0;0;0;0;0;0;0;1;6;0;0;;;;;;;;0;;0;;0;0
662;7;7;1008;1008;achat;appartement;Avenue de Bernis;Le Grau du Roi;30240;3;39;269000;0;"<p><strong>P3 REFAIT A NEUF AVEC VUE MER ET PARKING</strong><br />
APPARTEMENT - 3 PIèCES - 39.3m² - Mdt 1008<br />
<br />
Rive droite, au Boucanet, un bel appartement traversant, au 2èmeétage  sans ascenseur. Refait à neuf et réaménager. Belle pièce à vivre avec  cuisine ouverte donnant sur une loggia de 7.70m² orientée Sud-ouest avec  la vue mer. Deux chambres, salle d'eau, et wc séparé. Bonnes  prestations, entièrement isolé, spots lumineux encastrés, double  vitrages, cuisine neuve, chauffe eau plat neuf,électricité refaite,  portes etc. Actuellement en cours de finition. Plage et commodités au  pied de la résidence. Pour toutes demandes, contactez-nous.</p>
<p>Bien en copropriété de 35 Lots</p>
<p>Taxes fonciéres : à venir Taxe d'habitation : à venir</p>
<p><a href=""https://tour.previsite.com/1F001571-A144-7A78-A3BA-1DF1ED6A9432"" onclick=""window.open(this.href,'','resizable=no,location=no,menubar=no,scrollbars=no,status=no,toolbar=no,fullscreen=no,dependent=no,status'); return false"">Pour visualiser la VisitVirtuelle cliquez ici</a></p>";1599744654;1638632376;0;0;;157123;j;0;0;0;0;0;0;0;0;0;0;0;0;0;0;0;0;0;0;0;0;0;0;0;0;0;0;0;0;0;0;0;0;147;5;;;;;;;;0;;0;;0;0
